epoch,step,eval_perplexity
0.012511534070471215,100,190.60934526949967
